읍면동,아파트,세대수,입주년월,Apt_name,number,floor,confirm_date,car,FAR,BC,con,heat,code,lat,long,type_capacity1,area1,room1,toilet1,structure1,n_this_area1,type_capacity2,area2,room2,toilet2,structure2,n_this_area2,type_capacity3,area3,room3,toilet3,structure3,n_this_area3,type_capacity4,area4,room4,toilet4,structure4,n_this_area4,type_capacity5,area5,room5,toilet5,structure5,n_this_area5,type_capacity6,area6,room6,toilet6,structure6,n_this_area6,type_capacity7,area7,room7,toilet7,structure7,n_this_area7,type_capacity8,area8,room8,toilet8,structure8,n_this_area8,type_capacity9,area9,room9,toilet9,structure9,n_this_area9,type_capacity10,area10,room10,toilet10,structure10,n_this_area10
용답동,YM프라젠,57,2007.1,,,,,,,,,,,,,,,,,,,,,,,,,,,,,,,,,,,,,,,,,,,,,,,,,,,,,,,,,,,,,,,,,,,,,,,,
금호동1가,e편한세상금호파크힐스,268,2019.05,e편한세상금호파크힐스,"1330세대(임대 137세대 포함, 총16개동)",8층/21층,2019년 05월 09일,1547대(세대당 1.16대),253%,21%,㈜대림산업,"개별난방, 도시가스",110936,37.554416,127.022924,85A㎡,85.84㎡/59.94㎡(전용률 70%),3개,2개,계단식,234세대,86B㎡,86.89㎡/59.98㎡(전용률 69%),3개,2개,계단식,268세대,90C㎡,90.26㎡/59.95㎡(전용률 66%),3개,2개,계단식,15세대,110A㎡,110.59㎡/84.93㎡(전용률 77%),3개,2개,계단식,378세대,113B㎡,113.01㎡/84.98㎡(전용률 75%),3개,2개,계단식,124세대,118C㎡,118.68㎡/84.95㎡(전용률 72%),3개,2개,계단식,114세대,151㎡,151.35㎡/116.13㎡(전용률 77%),4개,2개,계단식,40세대,164㎡,164.78㎡/124.62㎡(전용률 76%),4개,3개,계단식,20세대,,,,,,,,,,,,
옥수동,e편한세상옥수파크힐스,299,2016.11,e편한세상옥수파크힐스,"1976세대(임대 340세대 포함, 총25개동)",9층/20층,2016년 11월 09일,2456대(세대당 1.24대),208%,20%,대림산업(주),"개별난방, 도시가스",110938,37.548926,127.014119,82C㎡,82.64㎡/59.91㎡(전용률 72%),3개,2개,계단식,163세대,82D㎡,82.67㎡/59.59㎡(전용률 72%),3개,2개,계단식,82세대,83B㎡,83.28㎡/59.78㎡(전용률 72%),3개,2개,계단식,253세대,83A㎡,83.63㎡/59.88㎡(전용률 72%),3개,2개,계단식,213세대,83E㎡,83.86㎡/59.77㎡(전용률 71%),3개,2개,계단식,80세대,106D㎡,106.22㎡/84.64㎡(전용률 80%),3개,2개,계단식,98세대,107C㎡,107.04㎡/84.51㎡(전용률 79%),3개,2개,계단식,180세대,108T㎡,108.37㎡/76.66㎡(전용률 71%),3개,2개,계단식,12세대,109A1㎡,109.14㎡/84.3㎡(전용률 77%),3개,2개,계단식,299세대,109A2㎡,109.26㎡/84.3㎡(전용률 77%),3개,2개,복도식,66세대
성수동1가,강변건영,281,2002.02,강변건영,580세대(총6개동),8층/25층,2002년 02월 19일,660대(세대당 1.13대),301%,20%,(주)건영,"개별난방, 도시가스",3418,37.540242,127.04488,95㎡,95.56㎡/73.91㎡(전용률 77%),3개,2개,계단식,44세대,109B㎡,109.84㎡/84.95㎡(전용률 77%),3개,2개,계단식,281세대,109A㎡,109.82㎡/84.94㎡(전용률 77%),3개,2개,계단식,255세대,,,,,,,,,,,,,,,,,,,,,,,,,,,,,,,,,,,,,,,,,,
성수동2가,강변임광,58,2000.08,강변임광,,,,,,,,,,,,,,,,,,,,,,,,,,,,,,,,,,,,,,,,,,,,,,,,,,,,,,,,,,,,,,,,,,,,,,,
옥수동,강변풍림아이원,255,2004.1,옥수강변풍림아이원,269세대(총5개동),15층/15층,2004년 10월 29일,308대(세대당 1.14대),247%,18%,풍림산업(주),"개별난방, 도시가스",8593,37.542377,127.019528,105A㎡,105.86㎡/84.76㎡(전용률 80%),3개,2개,계단식,255세대,105B㎡,105.86㎡/84.76㎡(전용률 80%),3개,2개,계단식,14세대,,,,,,,,,,,,,,,,,,,,,,,,,,,,,,,,,,,,,,,,,,,,,,,,
성수동2가,강변현대,76,1993.09,강변현대,123세대(총2개동),10층/19층,1994년 03월 25일,104대(세대당 0.84대),316%,24%,현대건설(주),"개별난방, 도시가스",550,37.536371,127.050915,97㎡,97.25㎡/84.94㎡(전용률 87%),3개,1개,복도식,20세대,101㎡,101.17㎡/78.96㎡(전용률 78%),3개,1개,복도식,27세대,104㎡,104.81㎡/81.8㎡(전용률 78%),3개,1개,복도식,76세대,,,,,,,,,,,,,,,,,,,,,,,,,,,,,,,,,,,,,,,,,,
성수동1가,갤러리아포레,33,2011.07,갤러리아포레,230세대(총2개동),45층/45층,2011년 07월 29일,1504대(세대당 6.53대),399%,41%,(주)한화건설,"개별난방, 도시가스",27620,37.545722,127.042339,231A㎡,231.99㎡/167.39㎡(전용률 72%),3개,3개,계단식,2세대,232A㎡,232.59㎡/170.98㎡(전용률 74%),4개,3개,계단식,33세대,232B㎡,232.15㎡/167.9㎡(전용률 72%),3개,3개,계단식,2세대,232C㎡,232.48㎡/170.39㎡(전용률 73%),3개,3개,계단식,2세대,232D㎡,232.59㎡/170.88㎡(전용률 73%),3개,3개,계단식,2세대,232E㎡,232.54㎡/171.09㎡(전용률 74%),3개,3개,계단식,2세대,,,,,,,233C㎡,233.33㎡/169.09㎡(전용률 72%),3개,3개,계단식,2세대,266D㎡,266.75㎡/195.2㎡(전용률 73%),3개,3개,계단식,32세대,266A㎡,266.35㎡/194.45㎡(전용률 73%),5개,3개,계단식,2세대
송정동,건영,216,2000.05,송정건영,447세대(총3개동),13층/25층,2000년 05월 10일,449대(세대당 1대),349%,22%,(주)건 영,"개별난방, 도시가스",1178,37.556024,127.070258,86B㎡,86.42㎡/59.21㎡(전용률 69%),2개,1개,복도식,123세대,87A㎡,87.33㎡/59.83㎡(전용률 69%),3개,1개,복도식,76세대,107㎡,107.82㎡/84.94㎡(전용률 79%),3개,2개,복합식,216세대,136㎡,136.49㎡/110.08㎡(전용률 81%),4개,2개,계단식,32세대,,,,,,,,,,,,,,,,,,,,,,,,,,,,,,,,,,,,
옥수동,극동,210,1986.12,옥수극동,900세대(총8개동),15층/15층,1986년 12월 24일,900대(세대당 1대),219%,17%,극동건설,"중앙난방, 도시가스",562,37.54326,127.0115,80㎡,80.09㎡/57.78㎡(전용률 72%),2개,1개,복도식,150세대,91㎡,91.34㎡/68.58㎡(전용률 75%),2개,1개,복도식,210세대,101㎡,101㎡/84.74㎡(전용률 84%),3개,1개,계단식,180세대,164㎡,164.06㎡/142.26㎡(전용률 87%),5개,2개,계단식,180세대,170㎡,170.42㎡/148.23㎡(전용률 87%),5개,2개,계단식,180세대,,,,,,,,,,,,,,,,,,,,,,,,,,,,,,
옥수동,극동그린,190,1996.06,극동그린,"583세대(임대 171세대 포함, 총5개동)",13층/19층,1997년 10월 02일,468대(세대당 0.8대),291%,22%,극동건설(주),"중앙난방, 도시가스",563,37.541954,127.009825,83㎡,83.52㎡/59.9㎡(전용률 72%),2개,1개,복도식,76세대,109㎡,109.09㎡/84.92㎡(전용률 78%),3개,2개,계단식,146세대,141㎡,141.82㎡/114.32㎡(전용률 81%),4개,2개,계단식,190세대,,,,,,,,,,,,,,,,,,,,,,,,,,,,,,,,,,,,,,,,,,
하왕십리동,극동미라주,136,2001.12,극동미라주,414세대(총3개동),8층/23층,2001년 12월 14일,465대(세대당 1.12대),336%,25%,극동건설,"개별난방, 도시가스",3420,37.558885,127.022922,89㎡,89.79㎡/59.4㎡(전용률 66%),3개,1개,복도식,136세대,95㎡,95.97㎡/72.72㎡(전용률 76%),3개,1개,계단식,9세대,109㎡,109.63㎡/84.33㎡(전용률 77%),3개,2개,계단식,171세대,141A㎡,141.17㎡/114.63㎡(전용률 81%),4개,2개,계단식,81세대,141B㎡,141.17㎡/114.63㎡(전용률 81%),4개,2개,계단식,17세대,,,,,,,,,,,,,,,,,,,,,,,,,,,,,,
옥수동,극동옥정,37,1998.12,극동옥정,72세대(총1개동),10층/13층,1998년 11월 30일,59대(세대당 0.81대),259%,29%,극동건설주식회사,"개별난방, 도시가스",3531,37.540519,127.013849,71㎡,71.85㎡/56.04㎡(전용률 78%),2개,1개,계단식,22세대,76㎡,76.08㎡/59.34㎡(전용률 78%),2개,1개,계단식,13세대,108㎡,108.91㎡/84.93㎡(전용률 78%),3개,2개,계단식,37세대,,,,,,,,,,,,,,,,,,,,,,,,,,,,,,,,,,,,,,,,,,
성수동2가,금강아미움,101,2004.03,서울숲금강아미움,130세대(총2개동),9층/12층,2004년 03월 30일,139대(세대당 1.06대),250%,28%,(주)금강종합건설,"개별난방, 도시가스",11485,37.546587,127.059715,83㎡,83.23㎡/67.34㎡(전용률 81%),3개,2개,계단식,10세대,99A㎡,99.98㎡/80.89㎡(전용률 81%),3개,2개,계단식,101세대,99B㎡,99.96㎡/80.87㎡(전용률 81%),3개,2개,계단식,9세대,100C㎡,100.14㎡/81.02㎡(전용률 81%),3개,2개,계단식,10세대,,,,,,,,,,,,,,,,,,,,,,,,,,,,,,,,,,,,
금호동3가,금호1차푸르지오,142,2005.05,금호1차푸르지오,336세대(총8개동),5층/15층,2005년 05월 31일,363대(세대당 1.08대),192%,18%,(주)대우건설,"개별난방, 도시가스",10316,37.549741,127.020937,78㎡,78.7㎡/59.97㎡(전용률 76%),3개,1개,계단식,142세대,102㎡,102.79㎡/84.92㎡(전용률 83%),3개,2개,계단식,137세대,133B㎡,133.86㎡/114.88㎡(전용률 86%),4개,2개,계단식,14세대,135A㎡,135.33㎡/114.76㎡(전용률 85%),4개,2개,계단식,43세대,,,,,,,,,,,,,,,,,,,,,,,,,,,,,,,,,,,,
금호동4가,금호대우,192,2001.05,금호대우,1181세대(총14개동),15층/24층,2001년 05월 03일,1610대(세대당 1.36대),290%,22%,(주)대우,"개별난방, 도시가스",2975,37.546115,127.020441,79A㎡,79.74㎡/59.97㎡(전용률 75%),3개,1개,계단식,192세대,81C㎡,81.46㎡/59.97㎡(전용률 74%),3개,1개,계단식,116세대,81B㎡,81.46㎡/59.97㎡(전용률 74%),3개,1개,계단식,76세대,109㎡,109.27㎡/84.71㎡(전용률 78%),3개,2개,계단식,308세대,112㎡,112.97㎡/84.96㎡(전용률 75%),3개,2개,계단식,192세대,145A㎡,145.58㎡/114.6㎡(전용률 79%),4개,2개,계단식,110세대,145B㎡,145.72㎡/114.71㎡(전용률 79%),4개,2개,계단식,105세대,145C㎡,145.72㎡/114.71㎡(전용률 79%),4개,2개,계단식,82세대,,,,,,,,,,,,
송정동,금호베스트빌,29,2002.12,금호베스트빌,60세대(총1개동),15층/15층,2002년 12월 30일,89대(세대당 1.48대),299%,23%,금호건설금호산업(주),"개별난방, 도시가스",8105,37.549355,127.057575,87㎡,87.83㎡/67.71㎡(전용률 77%),2개,1개,계단식,1세대,110㎡,110.72㎡/84.97㎡(전용률 77%),3개,2개,계단식,29세대,119㎡,119.79㎡/98.88㎡(전용률 83%),3개,2개,계단식,1세대,143㎡,143.82㎡/118.26㎡(전용률 82%),4개,2개,계단식,29세대,,,,,,,,,,,,,,,,,,,,,,,,,,,,,,,,,,,,
성수동1가,금호베스트빌3차,95,2003.04,성수금호베스트빌3차,159세대(총3개동),13층/17층,2003년 09월 25일,173대(세대당 1.08대),249%,19%,금호산업(주),"개별난방, 도시가스",9481,37.54192,127.0504,76㎡,76.11㎡/59.92㎡(전용률 79%),3개,1개,계단식,32세대,108A㎡,108.59㎡/84.98㎡(전용률 78%),3개,2개,계단식,95세대,108B㎡,108.59㎡/84.98㎡(전용률 78%),3개,2개,계단식,32세대,,,,,,,,,,,,,,,,,,,,,,,,,,,,,,,,,,,,,,,,,,
금호동1가,금호삼성래미안,234,2001.11,금호삼성래미안,582세대(총11개동),13층/15층,2001년 10월 31일,690대(세대당 1.18대),227%,20%,삼성물산,"개별난방, 도시가스",3417,37.549587,127.027322,78㎡,78.46㎡/59.95㎡(전용률 76%),3개,2개,계단식,234세대,105㎡,105.33㎡/84.45㎡(전용률 80%),3개,2개,계단식,232세대,138㎡,138.88㎡/114.67㎡(전용률 83%),4개,2개,계단식,116세대,,,,,,,,,,,,,,,,,,,,,,,,,,,,,,,,,,,,,,,,,,
마장동,금호어울림,221,2006.09,금호어울림,367세대(총6개동),18층/24층,2006년 09월 27일,470대(세대당 1.28대),280%,18%,금호산업(주),"개별난방, 도시가스",9124,37.562979,127.040855,80㎡,80.45㎡/59.97㎡(전용률 75%),3개,1개,계단식,37세대,96㎡,96.29㎡/74.46㎡(전용률 77%),3개,2개,계단식,24세대,106B㎡,106.66㎡/83.65㎡(전용률 78%),3개,2개,계단식,1세대,107A㎡,107.68㎡/84.97㎡(전용률 79%),3개,2개,계단식,221세대,123㎡,123.84㎡/101.96㎡(전용률 82%),3개,2개,계단식,1세대,136B㎡,136.35㎡/114.97㎡(전용률 84%),4개,2개,계단식,1세대,137A㎡,137.75㎡/114.97㎡(전용률 83%),4개,2개,계단식,82세대,,,,,,,,,,,,,,,,,,
금호동2가,금호자이1차,130,2012.05,금호자이1차,401세대(총4개동),11층/20층,2012년 05월 18일,461대(세대당 1.14대),239%,23%,지에스건설(주),"개별난방, 도시가스",100340,37.552871,127.022367,83A㎡,83.96㎡/59.99㎡(전용률 71%),3개,2개,계단식,95세대,84B㎡,84.02㎡/59.98㎡(전용률 71%),3개,2개,계단식,45세대,111B㎡,111.6㎡/84.97㎡(전용률 76%),3개,2개,계단식,130세대,111A㎡,111.32㎡/84.98㎡(전용률 76%),3개,2개,계단식,101세대,140㎡,140.01㎡/117.18㎡(전용률 84%),4개,2개,계단식,30세대,,,,,,,,,,,,,,,,,,,,,,,,,,,,,,
금호동3가,금호자이2차,85,2012.07,금호자이2차,"403세대(기타임대 83세대 포함, 총6개동)",8층/22층,2012년 07월 05일,446대(세대당 1.1대),223%,22%,GS건설(주),"개별난방, 도시가스",100595,37.550534,127.02199,82A㎡,82.82㎡/59.96㎡(전용률 72%),3개,2개,계단식,40세대,82C㎡,82.14㎡/59.99㎡(전용률 73%),3개,2개,계단식,36세대,82D㎡,82.18㎡/59.91㎡(전용률 73%),3개,2개,계단식,26세대,82B㎡,82.96㎡/59.96㎡(전용률 72%),3개,2개,계단식,14세대,107B㎡,107.1㎡/84.73㎡(전용률 79%),3개,2개,계단식,79세대,108A㎡,108.61㎡/84.97㎡(전용률 78%),3개,2개,계단식,85세대,147C㎡,147.38㎡/114.89㎡(전용률 78%),4개,2개,계단식,11세대,148B㎡,148.59㎡/115.93㎡(전용률 78%),4개,2개,계단식,19세대,148A㎡,148.21㎡/115.49㎡(전용률 78%),4개,2개,계단식,10세대,,,,,,
성수동2가,금호타운1차(강변),57,1994.02,,,,,,,,,,,,,82A㎡,148.21㎡/115.49㎡(전용률 78%),4개,2개,계단식,10세대,82C㎡,82.14㎡/59.99㎡(전용률 73%),3개,2개,계단식,36세대,82D㎡,82.18㎡/59.91㎡(전용률 73%),3개,2개,계단식,26세대,82B㎡,82.96㎡/59.96㎡(전용률 72%),3개,2개,계단식,14세대,107B㎡,107.1㎡/84.73㎡(전용률 79%),3개,2개,계단식,79세대,108A㎡,108.61㎡/84.97㎡(전용률 78%),3개,2개,계단식,85세대,147C㎡,147.38㎡/114.89㎡(전용률 78%),4개,2개,계단식,11세대,,,,,,,,,,,,,,,,,,
성수동2가,금호타운2차(성수),94,1997.08,금호2차,141세대(총1개동),6층/18층,1997년 08월 14일,106대(세대당 0.75대),313%,28%,금호건설(주),"개별난방, 도시가스",551,37.543573,127.053404,81㎡,81.79㎡/59.94㎡(전용률 73%),3개,1개,복도식,94세대,108㎡,108.16㎡/84.94㎡(전용률 79%),3개,2개,계단식,47세대,,,,,,,,,,,,,,,,,,,,,,,,,,,,,,,,,,,,,,,,,,,,,,,,
응봉동,금호현대,336,1989.1,금호현대,644세대(총9개동),10층/14층,1990년 09월 20일,515대(세대당 0.79대),213%,-,현대산업개발(주),"개별난방, 도시가스",572,37.551418,127.030897,81㎡,81.05㎡/59.91㎡(전용률 74%),2개,1개,복도식,176세대,104㎡,104.56㎡/79.8㎡(전용률 76%),3개,1개,복도식,336세대,143㎡,143.97㎡/120㎡(전용률 83%),4개,2개,계단식,132세대,,,,,,,,,,,,,,,,,,,,,,,,,,,,,,,,,,,,,,,,,,
응봉동,대림1차,360,1986.1,대림1차,855세대(총10개동),15층/15층,1986년 10월 23일,855대(세대당 1대),208%,-,대림산업(주),"중앙난방, 도시가스",569,37.55179,127.033,85㎡,85.02㎡/63.18㎡(전용률 74%),2개,1개,복도식,75세대,103㎡,103.06㎡/75.51㎡(전용률 73%),3개,1개,복도식,360세대,133㎡,133.53㎡/113.71㎡(전용률 85%),4개,2개,계단식,270세대,147㎡,147.53㎡/126.66㎡(전용률 86%),4개,2개,계단식,150세대,,,,,,,,,,,,,,,,,,,,,,,,,,,,,,,,,,,,
응봉동,대림2차,254,1989.09,대림2차,410세대(총3개동),13층/15층,1989년 09월 21일,369대(세대당 0.9대),231%,19%,대림산업(주),"개별난방, 도시가스",571,37.552908,127.032326,81㎡,81.29㎡/59.91㎡(전용률 74%),2개,1개,복도식,156세대,112㎡,112.45㎡/84.53㎡(전용률 75%),3개,1개,복도식,254세대,,,,,,,,,,,,,,,,,,,,,,,,,,,,,,,,,,,,,,,,,,,,,,,,
응봉동,대림강변타운,240,2001.1,대림강변타운,1150세대(총14개동),19층/23층,2001년 10월 26일,1349대(세대당 1.17대),295%,19%,대림산업(주),"개별난방, 도시가스",2976,37.553695,127.036017,79A㎡,79.8㎡/59.76㎡(전용률 75%),3개,1개,계단식,240세대,79B㎡,79.8㎡/59.76㎡(전용률 75%),2개,1개,계단식,240세대,107㎡,107.73㎡/84.42㎡(전용률 78%),3개,2개,계단식,441세대,142S㎡,142.04㎡/114.88㎡(전용률 81%),4개,2개,계단식,137세대,142N㎡,142.04㎡/114.88㎡(전용률 81%),4개,2개,계단식,92세대,,,,,,,,,,,,,,,,,,,,,,,,,,,,,,
성수동2가,대명루첸,12,2009.04,대명루첸,114세대(총3개동),12층/13층,2009년 02월 06일,143대(세대당 1.25대),248%,27%,(주)대명종합건설,"개별난방, 도시가스",100075,37.537158,127.059154,113A㎡,113.5㎡/84.95㎡(전용률 75%),3개,2개,계단식,101세대,113B㎡,113.5㎡/84.95㎡(전용률 75%),3개,2개,계단식,0세대,113C㎡,113.5㎡/84.95㎡(전용률 75%),3개,2개,계단식,0세대,153㎡,153.76㎡/117.45㎡(전용률 76%),4개,2개,계단식,13세대,,,,,,,,,,,,,,,,,,,,,,,,,,,,,,,,,,,,
마장동,대성유니드,100,2004.12,대성유니드,248세대(총4개동),20층/22층,2004년 11월 30일,280대(세대당 1.12대),241%,15%,대성산업(주),"개별난방, 도시가스",10898,37.56704,127.03838,77㎡,77.27㎡/59.7㎡(전용률 77%),3개,2개,계단식,100세대,104㎡,104.61㎡/84.71㎡(전용률 81%),3개,2개,계단식,104세대,134㎡,134.9㎡/114.52㎡(전용률 85%),4개,2개,계단식,44세대,,,,,,,,,,,,,,,,,,,,,,,,,,,,,,,,,,,,,,,,,,
성수동2가,대우1차(주상복합),45,1999.04,,,,,,,,,,,,,77㎡,134.9㎡/114.52㎡(전용률 85%),4개,2개,계단식,44세대,104㎡,104.61㎡/84.71㎡(전용률 81%),3개,2개,계단식,104세대,134㎡,134.9㎡/114.52㎡(전용률 85%),4개,2개,계단식,44세대,,,,,,,,,,,,,,,,,,,,,,,,,,,,,,,,,,,,,,,,,,
성수동1가,대우2차,187,1999.07,성수대우2차,283세대(총5개동),10층/19층,1999년 07월 31일,297대(세대당 1.04대),297%,22%,대우건설(주),"개별난방, 도시가스",1175,37.548718,127.050069,82B㎡,82.64㎡/59.83㎡(전용률 72%),3개,1개,복도식,77세대,82A㎡,82.64㎡/59.83㎡(전용률 72%),2개,1개,복도식,19세대,108㎡,108.7㎡/84.97㎡(전용률 78%),3개,2개,계단식,187세대,,,,,,,,,,,,,,,,,,,,,,,,,,,,,,,,,,,,,,,,,,
성수동1가,동아,80,1983.08,성수동아그린,331세대(총2개동),9층/18층,1999년 06월 11일,375대(세대당 1.13대),279%,27%,동아건설(주),"개별난방, 도시가스",552,37.550802,127.04822,75㎡,75.55㎡/58.32㎡(전용률 77%),3개,1개,복도식,136세대,109A㎡,109.98㎡/84.89㎡(전용률 77%),3개,2개,복합식,10세대,110B㎡,110.01㎡/84.91㎡(전용률 77%),3개,2개,복합식,137세대,145㎡,145.22㎡/112.09㎡(전용률 77%),4개,2개,복합식,48세대,,,,,,,,,,,,,,,,,,,,,,,,,,,,,,,,,,,,
성수동1가,동아그린,136,1998.08,성수동아그린,331세대(총2개동),9층/18층,1999년 06월 11일,375대(세대당 1.13대),279%,27%,동아건설(주),"개별난방, 도시가스",552,37.550802,127.04822,75㎡,75.55㎡/58.32㎡(전용률 77%),3개,1개,복도식,136세대,109A㎡,109.98㎡/84.89㎡(전용률 77%),3개,2개,복합식,10세대,110B㎡,110.01㎡/84.91㎡(전용률 77%),3개,2개,복합식,137세대,145㎡,145.22㎡/112.09㎡(전용률 77%),4개,2개,복합식,48세대,,,,,,,,,,,,,,,,,,,,,,,,,,,,,,,,,,,,
성수동1가,동양메이저,49,2001.08,성수동양,142세대(총2개동),11층/19층,2001년 08월 29일,153대(세대당 1.07대),310%,21%,동양메이저(주),"개별난방, 도시가스",8176,37.537739,127.046191,80㎡,80.27㎡/59.9㎡(전용률 75%),3개,1개,복도식,49세대,107㎡,107.43㎡/84.95㎡(전용률 79%),3개,2개,복도식,74세대,112㎡,112.77㎡/84.14㎡(전용률 75%),3개,2개,복도식,19세대,,,,,,,,,,,,,,,,,,,,,,,,,,,,,,,,,,,,,,,,,,
옥수동,동인샤인빌,44,2003.01,동인샤인빌,68세대(총1개동),11층/12층,2003년 01월 30일,59대(세대당 0.86대),226%,23%,(주)동인건설,"개별난방, 도시가스",9173,37.545028,127.017581,72㎡,72.95㎡/57.16㎡(전용률 78%),3개,2개,계단식,44세대,99㎡,99.19㎡/82.9㎡(전용률 84%),3개,2개,계단식,24세대,,,,,,,,,,,,,,,,,,,,,,,,,,,,,,,,,,,,,,,,,,,,,,,,
금호동3가,두산,335,1993.12,두산,1267세대(총16개동),13층/15층,1994년 09월 16일,712대(세대당 0.56대),249%,21%,두산건설(주),"개별난방, 도시가스",547,37.550686,127.016443,82㎡,82.29㎡/59.97㎡(전용률 73%),2개,1개,복도식,335세대,96㎡,96.92㎡/79.08㎡(전용률 82%),3개,1개,복도식,270세대,104㎡,104.52㎡/84.99㎡(전용률 81%),3개,2개,복도식,265세대,136㎡,136.35㎡/116.81㎡(전용률 86%),4개,2개,계단식,267세대,144㎡,144.3㎡/124.19㎡(전용률 86%),4개,2개,계단식,78세대,145S㎡,145.16㎡/124.98㎡(전용률 86%),4개,2개,계단식,52세대,,,,,,,,,,,,,,,,,,,,,,,,
금호동1가,두산위브,50,2006.03,신금호두산위브,169세대(총5개동),5층/15층,2006년 03월 31일,-,243%,23%,두산산업개발(주),"개별난방, 도시가스",17512,37.556144,127.022698,79B㎡,79.34㎡/59.92㎡(전용률 76%),3개,2개,계단식,15세대,79A㎡,79.35㎡/59.91㎡(전용률 76%),3개,2개,계단식,10세대,109C㎡,109.11㎡/84.33㎡(전용률 77%),3개,2개,계단식,50세대,109A㎡,109.11㎡/84.32㎡(전용률 77%),3개,2개,계단식,29세대,109B㎡,109.11㎡/84.32㎡(전용률 77%),3개,2개,계단식,27세대,113㎡,113.29㎡/84.12㎡(전용률 74%),3개,2개,계단식,15세대,143㎡,143.44㎡/116.79㎡(전용률 81%),4개,2개,계단식,23세대,,,,,,,,,,,,,,,,,,
성수동1가,뚝섬현대,99,1992.01,뚝섬현대,99세대(총1개동),8층/15층,1992년 01월 22일,-,199%,-,현대건설(주),"개별난방, 도시가스",555,37.547754,127.048983,101㎡,101.34㎡/84.22㎡(전용률 83%),3개,2개,계단식,99세대,,,,,,,,,,,,,,,,,,,,,,,,,,,,,,,,,,,,,,,,,,,,,,,,,,,,,,
옥수동,래미안옥수리버젠,554,2012.12,래미안옥수리버젠,1511세대(총15개동),9층/20층,2012년 12월 28일,1920대(세대당 1.27대),238%,22%,삼성물산㈜,"개별난방, 도시가스",100692,37.544911,127.013841,79B㎡,79.43㎡/59.25㎡(전용률 75%),3개,2개,계단식,554세대,79C㎡,79.46㎡/59.84㎡(전용률 75%),3개,2개,계단식,100세대,80A㎡,80.37㎡/59.98㎡(전용률 75%),3개,2개,계단식,37세대,80D㎡,80.17㎡/59.97㎡(전용률 75%),3개,2개,계단식,9세대,110C㎡,110.73㎡/84.51㎡(전용률 76%),3개,2개,계단식,20세대,111B㎡,111.2㎡/84.81㎡(전용률 76%),3개,2개,계단식,320세대,111A㎡,111.59㎡/84.73㎡(전용률 76%),3개,2개,계단식,260세대,148A㎡,148.38㎡/113.52㎡(전용률 77%),4개,2개,계단식,100세대,149B㎡,149.13㎡/113.74㎡(전용률 76%),4개,2개,계단식,39세대,174㎡,174.62㎡/134.13㎡(전용률 77%),4개,2개,계단식,72세대
금호동2가,래미안하이리버,76,2012.05,래미안하이리버,847세대(총10개동),15층/20층,2012년 05월 18일,1027대(세대당 1.21대),248%,20%,삼성물산(주),"개별난방, 도시가스",27575,37.551092,127.025129,84C㎡,84.55㎡/59.98㎡(전용률 71%),3개,2개,계단식,40세대,85A㎡,85.02㎡/59.99㎡(전용률 71%),3개,2개,계단식,242세대,85B㎡,85.02㎡/59.99㎡(전용률 71%),3개,2개,계단식,76세대,108C㎡,108.61㎡/84.97㎡(전용률 78%),3개,2개,계단식,36세대,110A㎡,110.73㎡/84.98㎡(전용률 77%),3개,2개,계단식,189세대,110D㎡,110.29㎡/84.99㎡(전용률 77%),3개,2개,계단식,112세대,110B㎡,110.29㎡/84.99㎡(전용률 77%),3개,2개,계단식,40세대,149㎡,149.92㎡/114.32㎡(전용률 76%),4개,2개,계단식,112세대,,,,,,,,,,,,
금호동4가,롯데,226,2003.01,롯데,249세대(총3개동),14층/24층,2003년 01월 09일,284대(세대당 1.14대),298%,20%,롯데건설(주),"개별난방, 도시가스",9213,37.546935,127.017183,114A㎡,114.64㎡/84.99㎡(전용률 74%),3개,2개,계단식,226세대,114B㎡,114.79㎡/84.89㎡(전용률 74%),3개,2개,계단식,23세대,,,,,,,,,,,,,,,,,,,,,,,,,,,,,,,,,,,,,,,,,,,,,,,,
성수동2가,롯데캐슬파크,285,2003.09,성수롯데캐슬파크,604세대(총7개동),16층/25층,2003년 09월 30일,884대(세대당 1.46대),302%,20%,롯데건설(주),"개별난방, 도시가스",8104,37.546082,127.056236,79㎡,79.46㎡/58.49㎡(전용률 74%),3개,1개,계단식,32세대,103㎡,103.93㎡/81.56㎡(전용률 78%),3개,2개,계단식,174세대,109㎡,109.09㎡/84.68㎡(전용률 78%),3개,2개,계단식,17세대,126㎡,126.97㎡/101.99㎡(전용률 80%),4개,2개,계단식,285세대,140㎡,140.33㎡/117.17㎡(전용률 83%),4개,2개,계단식,96세대,,,,,,,,,,,,,,,,,,,,,,,,,,,,,,
응봉동,리버그린동아,162,2003.06,응봉리버그린동아,375세대(총5개동),9층/25층,2003년 06월 07일,417대(세대당 1.11대),295%,19%,동아건설산업(주),"개별난방, 도시가스",7993,37.5535,127.037581,81㎡,81.69㎡/59.98㎡(전용률 73%),3개,2개,계단식,162세대,107C㎡,107.97㎡/84.65㎡(전용률 78%),3개,2개,계단식,46세대,108N㎡,108.21㎡/84.83㎡(전용률 78%),3개,2개,계단식,96세대,141㎡,141.57㎡/114.86㎡(전용률 81%),4개,2개,계단식,71세대,,,,,,,,,,,,,,,,,,,,,,,,,,,,,,,,,,,,
하왕십리동,무학현대,148,1993.05,무학현대,277세대(총3개동),15층/15층,1996년 03월 15일,277대(세대당 1대),220%,21%,현대산업개발(주),"개별난방, 도시가스",838,37.561433,127.028062,97A㎡,97.86㎡/84.49㎡(전용률 86%),3개,2개,계단식,148세대,98B㎡,98.44㎡/84.67㎡(전용률 86%),3개,2개,계단식,129세대,,,,,,,,,,,,,,,,,,,,,,,,,,,,,,,,,,,,,,,,,,,,,,,,
금호동1가,벽산,98,2000.09,벽산,1707세대(총20개동),10층/20층,2001년 12월 03일,2371대(세대당 1.38대),219%,16%,벽산건설(주),"개별난방, 도시가스",1286,37.551453,127.027479,78㎡,78.09㎡/59.9㎡(전용률 77%),3개,1개,복도식,98세대,86㎡,86.44㎡/59.9㎡(전용률 69%),3개,1개,복도식,409세대,108A㎡,108.59㎡/84.82㎡(전용률 78%),3개,2개,계단식,604세대,110B㎡,110.58㎡/84.82㎡(전용률 77%),3개,2개,계단식,98세대,141㎡,141.41㎡/114.57㎡(전용률 81%),4개,2개,계단식,498세대,,,,,,,,,,,,,,,,,,,,,,,,,,,,,,
금호동4가,브라운스톤금호,217,2007.03,금호브라운스톤1차,217세대(총5개동),12층/15층,2007년 03월 30일,248대(세대당 1.14대),243%,20%,이수건설,"개별난방, 도시가스",14019,37.546902,127.015418,106㎡,106.45㎡/84.83㎡(전용률 80%),3개,2개,계단식,217세대,,,,,,,,,,,,,,,,,,,,,,,,,,,,,,,,,,,,,,,,,,,,,,,,,,,,,,
금호동4가,브라운스톤금호2차,71,2010.01,브라운스톤금호2차,86세대(총1개동),14층/15층,2010년 01월 20일,104대(세대당 1.2대),-,-,이수건설(주),"개별난방, 도시가스",100204,37.547633,127.015487,109A㎡,109.5㎡/84.98㎡(전용률 78%),3개,2개,계단식,71세대,111B㎡,111.04㎡/84.99㎡(전용률 77%),3개,2개,계단식,15세대,,,,,,,,,,,,,,,,,,,,,,,,,,,,,,,,,,,,,,,,,,,,,,,,
행당동,브라운스톤행당,100,2004.03,행당브라운스톤,208세대(총3개동),10층/15층,2005년 09월 01일,224대(세대당 1.07대),219%,20%,이수건설(주),"개별난방, 도시가스",8562,37.558899,127.030053,77㎡,77.44㎡/59.27㎡(전용률 77%),3개,2개,계단식,100세대,103㎡,103.77㎡/84.94㎡(전용률 82%),3개,2개,계단식,78세대,141㎡,141.4㎡/114.76㎡(전용률 81%),4개,2개,계단식,30세대,,,,,,,,,,,,,,,,,,,,,,,,,,,,,,,,,,,,,,,,,,
금호동4가,삼산,62,1978.1,삼산,75세대(총1개동),5층/5층,1975년 12월 23일,40대(세대당 0.53대),-,-,삼산건설,"개별난방, 도시가스",26172,37.54751,127.024587,49A㎡,49.45㎡/49.45㎡(전용률 100%),2개,1개,계단식,62세대,49B㎡,49.49㎡/49.49㎡(전용률 100%),2개,1개,계단식,13세대,,,,,,,,,,,,,,,,,,,,,,,,,,,,,,,,,,,,,,,,,,,,,,,,
마장동,삼성,198,1996.12,,,,,,,,,,,,,,,,,,,,,,,,,,,,,,,,,,,,,,,,,,,,,,,,,,,,,,,,,,,,,,,,,,,,,,,,
성수동2가,삼익,30,1985.12,삼익,30세대(총1개동),5층/5층,1976년 02월 23일,40대(세대당 1.33대),-,-,삼익건설,"개별난방, 도시가스",11243,37.535582,127.058088,66㎡,66.71㎡/61.19㎡(전용률 92%),2개,1개,계단식,30세대,,,,,,,,,,,,,,,,,,,,,,,,,,,,,,,,,,,,,,,,,,,,,,,,,,,,,,
성수동1가,서울숲대림,178,2000.1,서울숲대림,372세대(총6개동),8층/15층,2000년 10월 27일,380대(세대당 1.02대),281%,27%,대림산업주식회사,"개별난방, 도시가스",3530,37.541984,127.045232,83㎡,83.25㎡/59.88㎡(전용률 72%),3개,1개,복도식,178세대,94㎡,94.22㎡/77.47㎡(전용률 82%),3개,2개,계단식,6세대,98㎡,98.5㎡/80.98㎡(전용률 82%),3개,2개,계단식,4세대,102㎡,102.61㎡/84.01㎡(전용률 82%),3개,2개,계단식,184세대,,,,,,,,,,,,,,,,,,,,,,,,,,,,,,,,,,,,
행당동,서울숲더샵,78,2014.09,서울숲더샵,495세대(총3개동),38층/42층,2014년 09월 16일,937대(세대당 1.89대),392%,34%,주식회사 포스코건설,"개별난방, 도시가스",103112,37.55626,127.040138,119B㎡,119.16㎡/84.18㎡(전용률 71%),3개,2개,계단식,105세대,120A㎡,120.01㎡/84.06㎡(전용률 70%),3개,2개,계단식,78세대,130A㎡,130.68㎡/92.08㎡(전용률 70%),3개,2개,계단식,78세대,131B㎡,131.23㎡/92.24㎡(전용률 70%),3개,2개,계단식,79세대,143㎡,143.77㎡/101.45㎡(전용률 71%),3개,2개,계단식,79세대,161B㎡,161.73㎡/114.4㎡(전용률 71%),3개,2개,계단식,26세대,,,,,,,210㎡,210.81㎡/150.2㎡(전용률 71%),4개,2개,계단식,26세대,,,,,,,,,,,,
행당동,서울숲리버뷰자이,222,2018.06,서울숲리버뷰자이,"1034세대(임대 176세대 포함, 총7개동)",22층/39층,2018년 06월 22일,1356대(세대당 1.31대),280%,19%,지에스건설(주),"개별난방, 도시가스",111258,37.555687,127.038379,84㎡,84.9㎡/59.97㎡(전용률 71%),3개,2개,계단식,150세대,109A㎡,109.11㎡/84.96㎡(전용률 78%),3개,2개,계단식,222세대,110D㎡,110.62㎡/84.98㎡(전용률 77%),3개,2개,계단식,68세대,110C㎡,110.68㎡/84.95㎡(전용률 77%),3개,2개,계단식,66세대,111B㎡,111.15㎡/84.9㎡(전용률 76%),3개,2개,계단식,222세대,140A㎡,140.89㎡/108.82㎡(전용률 77%),4개,2개,계단식,60세대,,,,,,,165㎡,165.44㎡/128.52㎡(전용률 78%),4개,2개,계단식,30세대,169PH㎡,169.76㎡/130.69㎡(전용률 77%),4개,2개,계단식,6세대,186A-PH㎡,186.03㎡/141.87㎡(전용률 76%),5개,3개,계단식,2세대
행당동,서울숲삼부,150,1998.07,서울숲삼부,498세대(총7개동),9층/15층,1998년 07월 15일,567대(세대당 1.13대),253%,26%,삼부토건주식회사,"개별난방, 도시가스",575,37.559879,127.037499,81㎡,81.77㎡/67.92㎡(전용률 83%),3개,1개,계단식,48세대,101A㎡,101.23㎡/84.09㎡(전용률 83%),3개,2개,계단식,150세대,102B㎡,102.23㎡/84.93㎡(전용률 83%),3개,2개,계단식,150세대,146㎡,146.88㎡/122.01㎡(전용률 83%),4개,2개,계단식,150세대,,,,,,,,,,,,,,,,,,,,,,,,,,,,,,,,,,,,
송정동,서울숲아이파크,15,2008.12,서울숲IPARK,"241세대(임대 34세대 포함, 총6개동)",10층/15층,2009년 03월 12일,286대(세대당 1.18대),209%,23%,현대산업개발(주),"개별난방, 도시가스",27132,37.5525,127.069,84㎡,84.4㎡/64.21㎡(전용률 76%),3개,2개,복합식,4세대,100㎡,100.86㎡/75.51㎡(전용률 75%),3개,2개,복합식,11세대,112A㎡,112.44㎡/84.87㎡(전용률 75%),3개,2개,복합식,89세대,112E㎡,112.63㎡/84.88㎡(전용률 75%),3개,2개,복합식,39세대,112C㎡,112.14㎡/84.87㎡(전용률 76%),3개,2개,복합식,14세대,112B㎡,112.34㎡/84.88㎡(전용률 76%),3개,2개,복합식,13세대,,,,,,,152㎡,152.89㎡/116.58㎡(전용률 76%),4개,2개,복합식,29세대,,,,,,,,,,,,
금호동4가,서울숲푸르지오,267,2007.07,서울숲푸르지오1차,888세대(총19개동),4층/18층,2007년 07월 31일,1029대(세대당 1.15대),228%,22%,(주)대우건설,"개별난방, 도시가스",18541,37.544958,127.02221,73㎡,73.07㎡/59.99㎡(전용률 82%),3개,1개,계단식,267세대,76A㎡,76.26㎡/59.9㎡(전용률 79%),3개,2개,계단식,46세대,76B㎡,76.26㎡/59.9㎡(전용률 79%),3개,2개,계단식,28세대,77㎡,77.67㎡/59.39㎡(전용률 76%),3개,2개,계단식,28세대,102B1㎡,102.79㎡/84.87㎡(전용률 83%),3개,2개,계단식,232세대,102A2㎡,102.69㎡/84.6㎡(전용률 82%),3개,2개,계단식,42세대,,,,,,,103A1㎡,103.06㎡/84.55㎡(전용률 82%),3개,2개,계단식,26세대,125㎡,125.65㎡/106.06㎡(전용률 84%),3개,2개,계단식,2세대,135A㎡,135.57㎡/114.8㎡(전용률 85%),4개,2개,계단식,85세대
금호동4가,서울숲푸르지오2차,108,2012.08,서울숲푸르지오2차,"707세대(기타임대 121세대 포함, 총12개동)",9층/15층,2012년 08월 16일,672대(세대당 0.95대),226%,22%,(주)대우건설,"개별난방, 도시가스",101322,37.546451,127.024019,77B㎡,77.69㎡/59.86㎡(전용률 77%),3개,2개,계단식,108세대,77C㎡,77.6㎡/59.9㎡(전용률 77%),3개,2개,계단식,100세대,77A㎡,77.94㎡/59.83㎡(전용률 77%),3개,2개,계단식,63세대,108C㎡,108.84㎡/84.92㎡(전용률 78%),3개,2개,계단식,30세대,109B㎡,109.52㎡/84.77㎡(전용률 77%),3개,2개,계단식,119세대,110A㎡,110㎡/84.89㎡(전용률 77%),3개,2개,계단식,108세대,146㎡,146.05㎡/114.77㎡(전용률 79%),4개,2개,계단식,58세대,,,,,,,,,,,,,,,,,,
행당동,서울숲한신더휴,630,2003.12,서울숲한신더휴,1410세대(총20개동),7층/25층,2003년 12월 23일,1535대(세대당 1.08대),295%,18%,(주)한신공영,"개별난방, 도시가스",2977,37.554894,127.03661,80B㎡,80.99㎡/59.94㎡(전용률 74%),2개,1개,계단식,188세대,81A㎡,81.27㎡/59.91㎡(전용률 74%),3개,2개,계단식,282세대,108㎡,108.56㎡/84.95㎡(전용률 78%),3개,2개,계단식,630세대,142㎡,142.42㎡/114.97㎡(전용률 81%),4개,2개,계단식,310세대,,,,,,,,,,,,,,,,,,,,,,,,,,,,,,,,,,,,
행당동,서울숲행당푸르지오,165,2011.05,서울숲행당푸르지오,457세대(총9개동),9층/15층,2011년 05월 02일,539대(세대당 1.17대),224%,24%,(주)대우건설,"개별난방, 도시가스",27044,37.5559,127.03351,79㎡,79.53㎡/59.68㎡(전용률 75%),3개,2개,계단식,143세대,82㎡,82.97㎡/59.81㎡(전용률 72%),3개,2개,계단식,48세대,111B㎡,111.38㎡/84.74㎡(전용률 76%),3개,2개,계단식,165세대,111A㎡,111.11㎡/84.81㎡(전용률 76%),3개,2개,계단식,50세대,143㎡,143.75㎡/114.33㎡(전용률 80%),4개,2개,계단식,51세대,,,,,,,,,,,,,,,,,,,,,,,,,,,,,,
성수동2가,서울숲힐스테이트,67,2009.06,서울숲힐스테이트,445세대(총5개동),18층/29층,2009년 06월 01일,800대(세대당 1.79대),249%,15%,현대건설(주),"개별난방, 도시가스",27424,37.5418,127.052578,60㎡,60.07㎡/42.22㎡(전용률 70%),2개,1개,계단식,19세대,79C㎡,79.96㎡/57.46㎡(전용률 72%),3개,2개,계단식,21세대,80A㎡,80㎡/57.03㎡(전용률 71%),3개,2개,계단식,21세대,81B㎡,81.57㎡/57.49㎡(전용률 70%),3개,2개,계단식,36세대,117B㎡,117.9㎡/84.78㎡(전용률 72%),3개,2개,계단식,21세대,117C㎡,117.9㎡/84.78㎡(전용률 72%),3개,2개,계단식,21세대,117A㎡,117.9㎡/84.78㎡(전용률 72%),3개,2개,계단식,19세대,117D㎡,117.16㎡/84.26㎡(전용률 72%),3개,2개,계단식,18세대,151A㎡,151.4㎡/117.13㎡(전용률 77%),4개,2개,계단식,67세대,151B1㎡,151.4㎡/117.13㎡(전용률 77%),4개,2개,계단식,48세대
도선동,성동삼성쉐르빌,92,2006.09,성동삼성쉐르빌,342세대(총3개동),19층/27층,2006년 09월 13일,540대(세대당 1.57대),535%,53%,삼성중공업(주),"개별난방, 도시가스",22725,37.564436,127.034996,89D㎡,89.63㎡/71.34㎡(전용률 80%),2개,2개,계단식,40세대,106A㎡,106.7㎡/84.93㎡(전용률 80%),3개,2개,복도식,92세대,106B1㎡,106.46㎡/84.74㎡(전용률 80%),3개,2개,계단식,92세대,106C㎡,106.78㎡/84.99㎡(전용률 80%),3개,2개,계단식,42세대,106E㎡,106.79㎡/84.99㎡(전용률 80%),3개,2개,계단식,34세대,106F㎡,106.7㎡/84.93㎡(전용률 80%),3개,2개,계단식,34세대,,,,,,,,,,,,,,,,,,,,,,,,
성수동1가,성수현대,96,1990.06,,,,,,,,,,,,,,,,,,,,,,,,,,,,,,,,,,,,,,,,,,,,,,,,,,,,,,,,,,,,,,,,,,,,,,,,
마장동,세림,211,1986.11,세림,811세대(총9개동),13층/15층,1986년 12월 27일,341대(세대당 0.42대),183%,-,세림건설,"중앙난방, 도시가스",549,37.564922,127.044939,61㎡,61.11㎡/40.86㎡(전용률 67%),2개,1개,복도식,211세대,90㎡,90.06㎡/72.84㎡(전용률 81%),3개,1개,계단식,360세대,103㎡,103.02㎡/84.93㎡(전용률 82%),3개,1개,계단식,240세대,,,,,,,,,,,,,,,,,,,,,,,,,,,,,,,,,,,,,,,,,,
금호동2가,신금호파크자이,86,2016.04,신금호파크자이,"1156세대(임대 198세대 포함, 총10개동)",16층/21층,2016년 04월 20일,1289대(세대당 1.11대),217%,18%,지에스건설(주),"개별난방, 도시가스",110226,37.555393,127.018598,81A㎡,81.2㎡/59.98㎡(전용률 74%),3개,2개,계단식,517세대,81B㎡,81.54㎡/59.98㎡(전용률 74%),3개,2개,계단식,86세대,109A㎡,109.15㎡/84.98㎡(전용률 78%),3개,2개,계단식,255세대,109B㎡,109.1㎡/84.98㎡(전용률 78%),3개,2개,계단식,46세대,109C㎡,109.1㎡/84.98㎡(전용률 78%),3개,2개,계단식,19세대,110D㎡,110.61㎡/84.98㎡(전용률 77%),3개,2개,계단식,16세대,142㎡,142.92㎡/114.98㎡(전용률 80%),4개,2개,계단식,19세대,,,,,,,,,,,,,,,,,,
응봉동,신동아,210,1994.02,신동아,434세대(총4개동),12층/15층,1996년 04월 09일,242대(세대당 0.55대),282%,26%,신동아건설(주),"개별난방, 도시가스",568,37.54981,127.029299,81㎡,81.64㎡/59.97㎡(전용률 73%),2개,1개,복도식,210세대,97A㎡,97.4㎡/76.67㎡(전용률 79%),3개,1개,복도식,24세대,97B㎡,97.49㎡/76.76㎡(전용률 79%),3개,1개,복도식,24세대,103㎡,103.65㎡/84.81㎡(전용률 82%),3개,2개,계단식,148세대,136㎡,136.39㎡/114.72㎡(전용률 84%),4개,2개,계단식,28세대,,,,,,,,,,,,,,,,,,,,,,,,,,,,,,
마장동,신명스카이뷰,52,2005.12,신명스카이뷰,52세대(총1개동),13층/15층,2005년 12월 27일,61대(세대당 1.17대),249%,33%,신명종합건설,"개별난방, 도시가스",18972,37.565417,127.038175,107㎡,107.62㎡/84.03㎡(전용률 78%),3개,2개,계단식,52세대,,,,,,,,,,,,,,,,,,,,,,,,,,,,,,,,,,,,,,,,,,,,,,,,,,,,,,
성수동2가,신성노바빌,74,2001.12,신성노바빌,146세대(총2개동),5층/19층,2001년 12월 21일,146대(세대당 1대),246%,26%,(주)신성,"개별난방, 도시가스",3419,37.539115,127.057104,86㎡,86.88㎡/59.4㎡(전용률 68%),3개,1개,복도식,74세대,109A㎡,109.16㎡/84.01㎡(전용률 77%),3개,2개,계단식,62세대,109B㎡,109.16㎡/84.01㎡(전용률 77%),3개,2개,계단식,10세대,,,,,,,,,,,,,,,,,,,,,,,,,,,,,,,,,,,,,,,,,,
마장동,신성미소지움,175,2004.06,마장신성미소지움,286세대(총4개동),17층/19층,2004년 06월 04일,305대(세대당 1.06대),285%,20%,신성건설(주),"개별난방, 도시가스",8828,37.568831,127.043633,76㎡,76.37㎡/59.96㎡(전용률 79%),3개,2개,계단식,74세대,106A㎡,106.6㎡/84.99㎡(전용률 80%),3개,2개,계단식,175세대,106B㎡,106.37㎡/84.93㎡(전용률 80%),3개,2개,계단식,37세대,,,,,,,,,,,,,,,,,,,,,,,,,,,,,,,,,,,,,,,,,,
성수동1가,쌍용,452,1997.07,쌍용,777세대(총9개동),7층/23층,1997년 10월 07일,796대(세대당 1.02대),-,-,남광토건(주),"개별난방, 도시가스",556,37.549326,127.047333,75㎡,75.31㎡/59.76㎡(전용률 79%),3개,1개,계단식,452세대,99㎡,99.79㎡/84.78㎡(전용률 85%),3개,2개,계단식,325세대,,,,,,,,,,,,,,,,,,,,,,,,,,,,,,,,,,,,,,,,,,,,,,,,
옥수동,옥수삼성,412,1999.05,옥수삼성,1114세대(총10개동),10층/20층,1999년 04월 20일,1401대(세대당 1.25대),263%,18%,삼성물산(주),"중앙난방, 도시가스",1179,37.542421,127.013983,85㎡,85.69㎡/59.7㎡(전용률 70%),3개,1개,복도식,412세대,106㎡,106.94㎡/84.82㎡(전용률 79%),3개,2개,계단식,429세대,144㎡,144.57㎡/114.66㎡(전용률 79%),4개,2개,계단식,273세대,,,,,,,,,,,,,,,,,,,,,,,,,,,,,,,,,,,,,,,,,,
옥수동,옥수어울림,144,2012.01,옥수어울림,297세대(총6개동),7층/20층,2011년 12월 30일,444대(세대당 1.49대),248%,36%,금호산업(주),"개별난방, 도시가스",103136,37.542149,127.01806,92㎡,92.9㎡/59.59㎡(전용률 64%),3개,1개,계단식,7세대,107B㎡,107.14㎡/84.69㎡(전용률 79%),3개,2개,계단식,144세대,107A㎡,107.74㎡/84.65㎡(전용률 79%),3개,2개,계단식,72세대,107D㎡,107.16㎡/84.62㎡(전용률 79%),3개,2개,계단식,14세대,108C㎡,108.85㎡/84.96㎡(전용률 78%),3개,2개,계단식,20세대,162A㎡,162.19㎡/128.1㎡(전용률 79%),4개,2개,계단식,9세대,,,,,,,162B㎡,162.19㎡/128.1㎡(전용률 79%),4개,2개,계단식,7세대,162B-1㎡,162.88㎡/128.53㎡(전용률 79%),4개,2개,계단식,7세대,162C㎡,162.19㎡/128.1㎡(전용률 79%),4개,2개,계단식,4세대
옥수동,옥수하이츠,248,1997.09,옥수하이츠,"774세대(기타임대 238세대 포함, 총10개동)",9층/21층,1998년 03월 30일,790대(세대당 1.02대),212%,20%,(주)중앙건설,"개별난방, 도시가스",564,37.540242,127.016275,105㎡,105.8㎡/84.86㎡(전용률 80%),3개,2개,계단식,248세대,139B㎡,139.68㎡/114.78㎡(전용률 82%),4개,2개,계단식,254세대,139A㎡,139.44㎡/114.72㎡(전용률 82%),4개,2개,계단식,34세대,,,,,,,,,,,,,,,,,,,,,,,,,,,,,,,,,,,,,,,,,,
옥수동,옥수현대,164,1990.05,옥수현대,566세대(총8개동),5층/15층,1990년 05월 25일,962대(세대당 1.69대),200%,-,현대건설(주),"중앙난방, 도시가스",567,37.544185,127.019199,76㎡,76.97㎡/58.72㎡(전용률 76%),2개,1개,복도식,22세대,82㎡,82.82㎡/63.13㎡(전용률 76%),2개,1개,복도식,12세대,91B㎡,91.82㎡/77.32㎡(전용률 84%),3개,1개,계단식,20세대,92A㎡,92.57㎡/71.05㎡(전용률 77%),3개,1개,복도식,164세대,98A㎡,98.91㎡/84.9㎡(전용률 86%),3개,1개,계단식,108세대,98B㎡,98.24㎡/75.37㎡(전용률 77%),3개,1개,복도식,30세대,118A㎡,118.44㎡/104.38㎡(전용률 88%),4개,2개,계단식,60세대,118B㎡,118.9㎡/104.41㎡(전용률 88%),4개,2개,계단식,60세대,140㎡,140.76㎡/123.51㎡(전용률 88%),4개,2개,계단식,90세대,,,,,,
하왕십리동,왕십리KCC스위첸,44,2016.04,왕십리KCC스위첸,272세대(총3개동),10층/18층,2016년 04월 28일,277대(세대당 1.01대),211%,21%,(주)케이씨씨건설,"개별난방, 도시가스",107508,37.560982,127.026959,78A㎡,78.51㎡/59.85㎡(전용률 76%),3개,2개,계단식,28세대,78B㎡,78.51㎡/59.85㎡(전용률 76%),3개,2개,계단식,14세대,84A㎡,84.01㎡/64.23㎡(전용률 76%),3개,2개,계단식,49세대,84C㎡,84.01㎡/64.24㎡(전용률 76%),3개,2개,계단식,28세대,84B㎡,84.01㎡/64.23㎡(전용률 76%),3개,2개,계단식,13세대,89A㎡,89.23㎡/68.11㎡(전용률 76%),3개,2개,계단식,19세대,89B㎡,89.75㎡/68.73㎡(전용률 77%),3개,2개,계단식,15세대,96㎡,96.24㎡/73.76㎡(전용률 77%),3개,2개,계단식,2세대,110B㎡,110.05㎡/84.89㎡(전용률 77%),3개,2개,계단식,47세대,110A㎡,110.05㎡/84.89㎡(전용률 77%),3개,2개,계단식,44세대
상왕십리동,왕십리뉴타운2차텐즈힐(2구역),305,2014.06,,,,,,,,,,,,,78A㎡,110.05㎡/84.89㎡(전용률 77%),3개,2개,계단식,44세대,78B㎡,78.51㎡/59.85㎡(전용률 76%),3개,2개,계단식,14세대,84A㎡,84.01㎡/64.23㎡(전용률 76%),3개,2개,계단식,49세대,84C㎡,84.01㎡/64.24㎡(전용률 76%),3개,2개,계단식,28세대,84B㎡,84.01㎡/64.23㎡(전용률 76%),3개,2개,계단식,13세대,89A㎡,89.23㎡/68.11㎡(전용률 76%),3개,2개,계단식,19세대,89B㎡,89.75㎡/68.73㎡(전용률 77%),3개,2개,계단식,15세대,,,,,,,,,,,,,,,,,,
하왕십리동,"왕십리센트라스(1,2차)",487,2016.11,"센트라스1,2차","2529세대(임대 432세대 포함, 총30개동)",4층/28층,2016년 11월,3043대(세대당 1.2대),312%,39%,"현대건설(주),에스케이건설(주),(주)포스코건설","개별난방, 도시가스",109910,37.566563,127.024787,57㎡,57.6㎡/40.94㎡(전용률 71%),1개,1개,계단식,144세대,78A㎡,78.64㎡/59.94㎡(전용률 76%),3개,2개,계단식,167세대,78H㎡,78.4㎡/59.96㎡(전용률 76%),3개,2개,계단식,7세대,83C㎡,83.46㎡/59.93㎡(전용률 72%),3개,2개,계단식,96세대,83B㎡,83.46㎡/59.94㎡(전용률 72%),3개,2개,계단식,42세대,87D㎡,87.88㎡/59.95㎡(전용률 68%),3개,2개,계단식,92세대,87F㎡,87.66㎡/59.59㎡(전용률 68%),3개,2개,계단식,69세대,88E㎡,88.71㎡/59.99㎡(전용률 68%),3개,2개,계단식,138세대,88G㎡,88.21㎡/59.66㎡(전용률 68%),3개,2개,계단식,23세대,109E㎡,109.97㎡/84.96㎡(전용률 77%),3개,2개,계단식,487세대
하왕십리동,왕십리자이,176,2017.07,왕십리자이,"713세대(임대 126세대 포함, 총7개동)",11층/20층,2017년 07월 28일,933대(세대당 1.3대),226%,18%,GS건설(주),"개별난방, 도시가스",111002,37.560484,127.024657,73A㎡,73.17㎡/51.94㎡(전용률 71%),2개,1개,계단식,34세대,73B㎡,73.14㎡/51.91㎡(전용률 71%),2개,1개,계단식,18세대,81B㎡,81.39㎡/59.99㎡(전용률 74%),3개,2개,계단식,176세대,81D㎡,81.83㎡/59.99㎡(전용률 73%),3개,2개,계단식,53세대,82C㎡,82.53㎡/59.99㎡(전용률 73%),3개,2개,계단식,117세대,85A㎡,85.01㎡/59.99㎡(전용률 71%),3개,2개,계단식,38세대,112㎡,112.79㎡/84.99㎡(전용률 75%),3개,2개,계단식,151세대,,,,,,,,,,,,,,,,,,
하왕십리동,왕십리지웰,38,2009.1,하왕십리신영지웰,82세대(총2개동),8층/11층,2009년 10월 01일,103대(세대당 1.25대),206%,27%,한라건설(주),"개별난방, 도시가스",27140,37.560926,127.031079,109A㎡,109.38㎡/84.98㎡(전용률 78%),3개,2개,계단식,38세대,109B㎡,109.69㎡/84.95㎡(전용률 77%),3개,2개,계단식,38세대,174㎡,174.33㎡/133.53㎡(전용률 77%),4개,2개,계단식,6세대,,,,,,,,,,,,,,,,,,,,,,,,,,,,,,,,,,,,,,,,,,
성수동1가,우방,68,1997.06,성수우방,92세대(총1개동),8층/12층,1997년 06월 28일,94대(세대당 1.02대),274%,29%,(주)우방,"개별난방, 도시가스",557,37.55071,127.04729,81㎡,81.52㎡/60㎡(전용률 74%),3개,1개,복도식,68세대,115㎡,115.43㎡/84.96㎡(전용률 74%),3개,2개,복도식,24세대,,,,,,,,,,,,,,,,,,,,,,,,,,,,,,,,,,,,,,,,,,,,,,,,
성수동2가,우방2차,103,1999.09,성수우방2차,221세대(총1개동),14층/18층,1999년 12월 08일,221대(세대당 1대),372%,26%,(주)우방,"개별난방, 도시가스",324,37.548371,127.051725,80㎡,80.25㎡/59.82㎡(전용률 75%),3개,1개,복합식,103세대,95㎡,95.63㎡/71.28㎡(전용률 75%),3개,1개,계단식,4세대,113A㎡,113.56㎡/84.64㎡(전용률 75%),3개,2개,계단식,98세대,113B㎡,113.69㎡/84.75㎡(전용률 75%),3개,2개,계단식,16세대,,,,,,,,,,,,,,,,,,,,,,,,,,,,,,,,,,,,
성수동1가,우성,48,2004.11,우성,55세대(총1개동),13층/13층,2004년 11월 11일,63대(세대당 1.14대),228%,23%,우성휠건설(주),"개별난방, 도시가스",19711,37.548847,127.050497,103B㎡,103.46㎡/84.67㎡(전용률 82%),3개,2개,계단식,48세대,103A㎡,103.93㎡/84.66㎡(전용률 81%),3개,2개,계단식,6세대,149㎡,149.32㎡/120.04㎡(전용률 80%),4개,2개,계단식,1세대,,,,,,,,,,,,,,,,,,,,,,,,,,,,,,,,,,,,,,,,,,
성수동1가,장미,100,1982.04,장미,173세대(총6개동),3층/5층,1982년 04월 30일,-,-,-,"신한,삼익건설","개별난방, 도시가스",558,37.543108,127.046032,58㎡,58.71㎡/49.23㎡(전용률 84%),2개,1개,계단식,20세대,64㎡,64.23㎡/53.87㎡(전용률 84%),3개,1개,계단식,30세대,65㎡,65.95㎡/47.97㎡(전용률 73%),2개,1개,계단식,18세대,79㎡,79.48㎡/66.71㎡(전용률 84%),3개,1개,계단식,5세대,81㎡,81.8㎡/68.66㎡(전용률 84%),3개,1개,계단식,100세대,,,,,,,,,,,,,,,,,,,,,,,,,,,,,,
마장동,장원,18,2002.12,장원,38세대(총1개동),10층/11층,2002년 12월 24일,48대(세대당 1.26대),289%,31%,(주)강남종합건설,"개별난방, 도시가스",10976,37.569138,127.044806,93㎡,93.78㎡/77.6㎡(전용률 83%),4개,2개,계단식,18세대,100㎡,100.98㎡/84.8㎡(전용률 84%),3개,2개,계단식,18세대,187㎡,187.62㎡/155.2㎡(전용률 83%),3개,2개,계단식,1세대,197㎡,197.2㎡/164.8㎡(전용률 84%),3개,2개,계단식,1세대,,,,,,,,,,,,,,,,,,,,,,,,,,,,,,,,,,,,
마장동,중앙하이츠,81,1999.06,중앙하이츠,170세대(총2개동),15층/23층,1999년 05월 31일,186대(세대당 1.09대),367%,22%,중앙건설,"개별난방, 도시가스",1171,37.565611,127.038795,87㎡,87.53㎡/60㎡(전용률 69%),3개,1개,복도식,81세대,109㎡,109.29㎡/84.8㎡(전용률 78%),3개,2개,계단식,89세대,,,,,,,,,,,,,,,,,,,,,,,,,,,,,,,,,,,,,,,,,,,,,,,,
성수동1가,중앙하이츠빌,211,2003.1,중앙하이츠빌,256세대(총3개동),19층/23층,2003년 10월 27일,294대(세대당 1.14대),249%,17%,(주)중앙건설,"개별난방, 도시가스",8578,37.547888,127.047669,107A㎡,107.92㎡/84.96㎡(전용률 79%),3개,2개,계단식,211세대,108B㎡,108.16㎡/84.72㎡(전용률 78%),3개,2개,계단식,45세대,,,,,,,,,,,,,,,,,,,,,,,,,,,,,,,,,,,,,,,,,,,,,,,,
홍익동,청계대주파크빌,70,2005.1,청계대주파크빌,101세대(총1개동),14층/15층,2005년 11월 23일,115대(세대당 1.13대),248%,19%,대주건설,"개별난방, 도시가스",22692,37.567307,127.031268,90㎡,90.68㎡/74.63㎡(전용률 82%),3개,2개,계단식,1세대,94A㎡,94.7㎡/78.27㎡(전용률 83%),3개,2개,계단식,1세대,97B㎡,97.21㎡/80.5㎡(전용률 83%),3개,2개,계단식,1세대,100㎡,100.04㎡/83.19㎡(전용률 83%),3개,2개,계단식,2세대,102A㎡,102.23㎡/84.98㎡(전용률 83%),3개,2개,계단식,70세대,102B㎡,102.32㎡/84.98㎡(전용률 83%),3개,2개,계단식,14세대,102C㎡,102.4㎡/84.94㎡(전용률 83%),3개,2개,계단식,12세대,,,,,,,,,,,,,,,,,,
하왕십리동,청계벽산,336,1996.06,벽산,"1332세대(기타임대 510세대 포함, 총9개동)",15층/21층,1996년 06월 07일,1037대(세대당 1.02대),267%,23%,벽산건설(주),"개별난방, 도시가스",573,37.56889,127.03129,88㎡,88.99㎡/71.33㎡(전용률 80%),3개,1개,계단식,90세대,107㎡,107.35㎡/84.94㎡(전용률 79%),3개,2개,계단식,336세대,139㎡,139.51㎡/114.46㎡(전용률 82%),4개,2개,계단식,396세대,,,,,,,,,,,,,,,,,,,,,,,,,,,,,,,,,,,,,,,,,,
성수동2가,청구강변1차,192,1994.04,청구강변(101동),246세대(총1개동),10층/21층,1994년 04월 04일,182대(세대당 0.73대),-,-,(주)청구,"개별난방, 도시가스",559,37.535518,127.054638,73㎡,73.38㎡/59.94㎡(전용률 82%),2개,1개,복도식,36세대,103A㎡,103.91㎡/84.87㎡(전용률 82%),3개,2개,계단식,192세대,104B㎡,104.03㎡/84.96㎡(전용률 82%),3개,2개,계단식,18세대,,,,,,,,,,,,,,,,,,,,,,,,,,,,,,,,,,,,,,,,,,
성수동2가,청구강변3차,25,1994.08,강변청구(102동),47세대(총1개동),10층/13층,1995년 06월 09일,44대(세대당 0.93대),383%,41%,(주)청구,"개별난방, 도시가스",15648,37.535426,127.053855,76㎡,76.56㎡/59.94㎡(전용률 78%),2개,1개,계단식,25세대,108㎡,108.05㎡/84.6㎡(전용률 78%),3개,2개,복도식,22세대,,,,,,,,,,,,,,,,,,,,,,,,,,,,,,,,,,,,,,,,,,,,,,,,
하왕십리동,텐즈힐1,381,2015.04,텐즈힐1,"1702세대(임대 333세대 포함, 총21개동)",5층/25층,2015년 04월 24일,2431대(세대당 1.42대),224%,21%,"삼성물산(주),대림산업(주),지에스건설(주),현대산업개발(주)","개별난방, 도시가스",107240,37.568901,127.028239,83A㎡,83.91㎡/59.88㎡(전용률 71%),3개,2개,계단식,142세대,84B㎡,84.87㎡/59.75㎡(전용률 70%),3개,2개,계단식,30세대,100㎡,100.25㎡/72.52㎡(전용률 72%),3개,2개,계단식,50세대,107A㎡,107.21㎡/84.96㎡(전용률 79%),3개,2개,계단식,381세대,110D㎡,110.52㎡/84.88㎡(전용률 77%),3개,2개,계단식,361세대,110B㎡,110.66㎡/84.92㎡(전용률 77%),3개,2개,계단식,47세대,111C㎡,111.3㎡/84.97㎡(전용률 76%),3개,2개,계단식,18세대,160㎡,160.11㎡/129.34㎡(전용률 81%),4개,2개,계단식,204세대,176A㎡,176.36㎡/148.8㎡(전용률 84%),4개,2개,계단식,36세대,179B㎡,179.28㎡/148.94㎡(전용률 83%),4개,2개,계단식,100세대
성수동1가,트리마제,76,2017.05,트리마제,688세대(총4개동),28층/47층,2017년 05월 29일,1120대(세대당 1.62대),319%,16%,두산중공업(주),"개별난방, 도시가스",108405,37.538893,127.044942,39㎡,39.18㎡/25.32㎡(전용률 65%),1개,1개,계단식,76세대,53㎡,53.84㎡/35.44㎡(전용률 66%),1개,1개,계단식,38세대,74㎡,74.09㎡/49.66㎡(전용률 67%),1개,1개,계단식,38세대,95㎡,95.52㎡/69.72㎡(전용률 73%),1개,1개,계단식,76세대,124B㎡,124.8㎡/84.81㎡(전용률 68%),3개,2개,계단식,75세대,126A㎡,126.66㎡/84.82㎡(전용률 67%),3개,2개,계단식,97세대,128C㎡,128.9㎡/84.54㎡(전용률 66%),3개,2개,계단식,78세대,185㎡,185.82㎡/136.56㎡(전용률 73%),3개,2개,계단식,76세대,189㎡,189.02㎡/140.3㎡(전용률 74%),3개,2개,계단식,78세대,204㎡,204.49㎡/152.15㎡(전용률 74%),3개,2개,계단식,52세대
하왕십리동,풍림아이원,339,2004.12,왕십리풍림아이원,758세대(총15개동),13층/18층,2004년 11월 30일,848대(세대당 1.11대),245%,16%,풍림산업(주),"개별난방, 도시가스",9168,37.558851,127.025277,74㎡,74.87㎡/59.93㎡(전용률 80%),3개,1개,계단식,339세대,104㎡,104.9㎡/84.41㎡(전용률 80%),3개,2개,계단식,280세대,144㎡,144.01㎡/114.92㎡(전용률 80%),4개,2개,계단식,139세대,,,,,,,,,,,,,,,,,,,,,,,,,,,,,,,,,,,,,,,,,,
옥수동,한남하이츠,139,1982.1,한남하이츠,535세대(총8개동),12층/14층,1982년 09월 18일,520대(세대당 0.97대),143%,-,중앙기업,"중앙난방, 도시가스",566,37.539684,127.0142,93㎡,93.72㎡/87.67㎡(전용률 94%),2개,1개,복도식,66세대,94A㎡,94.84㎡/89.19㎡(전용률 94%),2개,1개,계단식,60세대,95C㎡,95.11㎡/89.26㎡(전용률 94%),2개,1개,계단식,5세대,95B㎡,95.04㎡/89.22㎡(전용률 94%),2개,1개,계단식,1세대,96D㎡,96.69㎡/91.07㎡(전용률 94%),2개,1개,계단식,3세대,96E㎡,96.7㎡/91.11㎡(전용률 94%),2개,1개,계단식,2세대,107A㎡,107.27㎡/101.09㎡(전용률 94%),3개,1개,복도식,54세대,107B㎡,107.3㎡/101.12㎡(전용률 94%),4개,1개,계단식,48세대,107C㎡,107.37㎡/101.19㎡(전용률 94%),4개,1개,계단식,1세대,108B㎡,108.14㎡/102.12㎡(전용률 94%),3개,1개,계단식,7세대
금호동3가,한신休플러스,153,2005.07,,,,,,,,,,,,,,,,,,,,,,,,,,,,,,,,,,,,,,,,,,,,,,,,,,,,,,,,,,,,,,,,,,,,,,,,
하왕십리동,한신무학,141,1988.1,한신무학,480세대(총5개동),6층/15층,1989년 03월 30일,672대(세대당 1.4대),-,-,한신공영(주),"개별난방, 도시가스",574,37.56278,127.028633,74㎡,74.15㎡/62.41㎡(전용률 84%),2개,1개,계단식,90세대,90B㎡,90.29㎡/75.2㎡(전용률 83%),3개,2개,계단식,141세대,93A㎡,93.73㎡/70.12㎡(전용률 75%),3개,1개,계단식,12세대,113㎡,113.41㎡/94.46㎡(전용률 83%),3개,2개,계단식,115세대,119㎡,119.1㎡/88.76㎡(전용률 75%),3개,2개,계단식,4세대,136B㎡,136.03㎡/114.59㎡(전용률 84%),4개,2개,계단식,114세대,143A㎡,143.51㎡/106.67㎡(전용률 74%),3개,2개,계단식,4세대,,,,,,,,,,,,,,,,,,
성수동2가,한신한강,126,1999.04,한강한신,202세대(총2개동),12층/19층,2000년 09월 19일,220대(세대당 1.08대),320%,27%,한신공영(주),"개별난방, 도시가스",1177,37.53587,127.05289,78㎡,78.45㎡/59.95㎡(전용률 76%),3개,1개,계단식,76세대,112㎡,112.21㎡/84.97㎡(전용률 76%),3개,2개,계단식,126세대,,,,,,,,,,,,,,,,,,,,,,,,,,,,,,,,,,,,,,,,,,,,,,,,
성수동1가,한양현대,74,1998.05,한양현대,168세대(총1개동),9층/19층,1999년 01월 13일,167대(세대당 0.99대),314%,31%,현대건설(주),"개별난방, 도시가스",1176,37.545565,127.047947,84㎡,84.24㎡/59.89㎡(전용률 71%),3개,1개,복도식,74세대,107㎡,107.77㎡/84.81㎡(전용률 79%),3개,2개,복도식,94세대,,,,,,,,,,,,,,,,,,,,,,,,,,,,,,,,,,,,,,,,,,,,,,,,
성수동1가,한진타운,190,1994.04,한진타운,378세대(총5개동),9층/17층,1994년 04월 04일,283대(세대당 0.74대),294%,28%,한진건설(주),"개별난방, 도시가스",560,37.541093,127.045401,78㎡,78.94㎡/59.4㎡(전용률 75%),3개,1개,복도식,190세대,103㎡,103.53㎡/84.21㎡(전용률 81%),3개,2개,계단식,188세대,,,,,,,,,,,,,,,,,,,,,,,,,,,,,,,,,,,,,,,,,,,,,,,,
하왕십리동,한진해모르,69,2000.04,,,,,,,,,,,,,78㎡,103.53㎡/84.21㎡(전용률 81%),3개,2개,계단식,188세대,103㎡,103.53㎡/84.21㎡(전용률 81%),3개,2개,계단식,188세대,,,,,,,,,,,,,,,,,,,,,,,,,,,,,,,,,,,,,,,,,,,,,,,,
행당동,행당대림,705,2000.12,행당대림,"3404세대(기타임대 1005세대 포함, 총35개동)",5층/15층,2000년 12월 30일,3384대(세대당 0.99대),254%,22%,대림산업(주),"개별난방, 도시가스",950,37.557759,127.027283,83㎡,83.76㎡/59.96㎡(전용률 72%),3개,1개,복도식,705세대,104㎡,104.58㎡/84.87㎡(전용률 81%),3개,2개,계단식,1034세대,137㎡,137.26㎡/114.94㎡(전용률 84%),4개,2개,계단식,660세대,,,,,,,,,,,,,,,,,,,,,,,,,,,,,,,,,,,,,,,,,,
행당동,행당동두산위브,181,2009.12,두산위브,"465세대(기타임대 114세대 포함, 총7개동)",9층/15층,2009년 12월,479대(세대당 1.03대),231%,22%,두산건설,"개별난방, 도시가스",26215,37.55643,127.032213,82㎡,82.55㎡/59.99㎡(전용률 73%),3개,2개,계단식,181세대,99㎡,99.14㎡/70.76㎡(전용률 71%),3개,2개,계단식,12세대,107㎡,107.62㎡/84.99㎡(전용률 79%),3개,2개,계단식,15세대,110㎡,110.6㎡/84.99㎡(전용률 77%),3개,2개,계단식,114세대,143㎡,143.33㎡/114.99㎡(전용률 80%),4개,2개,계단식,29세대,,,,,,,,,,,,,,,,,,,,,,,,,,,,,,
행당동,행당한진타운,748,1999.05,행당한진타운,2123세대(총21개동),16층/25층,2000년 11월 07일,2615대(세대당 1.23대),294%,19%,(주)한진 중공업,"개별난방, 도시가스",878,37.555891,127.02913,86㎡,86.96㎡/59.96㎡(전용률 69%),3개,1개,복도식,748세대,108㎡,108.47㎡/84.71㎡(전용률 78%),3개,2개,계단식,805세대,144㎡,144.37㎡/114.62㎡(전용률 79%),4개,2개,계단식,570세대,,,,,,,,,,,,,,,,,,,,,,,,,,,,,,,,,,,,,,,,,,
마장동,현대,252,1998.04,마장현대,1017세대(총11개동),22층/28층,1998년 04월 14일,1096대(세대당 1.07대),334%,20%,고려산업개발(주),"개별난방, 도시가스",877,37.569966,127.042452,81B㎡,81.77㎡/59.91㎡(전용률 73%),3개,1개,복도식,252세대,81A㎡,81.92㎡/59.94㎡(전용률 73%),3개,1개,복도식,222세대,108㎡,108.11㎡/84.91㎡(전용률 79%),3개,2개,계단식,334세대,162㎡,162.31㎡/134.79㎡(전용률 83%),4개,2개,계단식,165세대,203㎡,203.48㎡/164.86㎡(전용률 81%),5개,2개,계단식,44세대,,,,,,,,,,,,,,,,,,,,,,,,,,,,,,
성수동1가,현대그린,168,1994.11,성수현대그린,219세대(총1개동),11층/19층,1994년 02월 04일,273대(세대당 1.24대),299%,21%,현대건설(주),"개별난방, 도시가스",561,37.54064,127.05004,77㎡,77.39㎡/56.97㎡(전용률 74%),2개,1개,복도식,51세대,110㎡,110.69㎡/81.48㎡(전용률 74%),3개,2개,계단식,168세대,,,,,,,,,,,,,,,,,,,,,,,,,,,,,,,,,,,,,,,,,,,,,,,,
성수동2가,현대아이파크,236,2003.08,성수아이파크,656세대(총11개동),16층/25층,2003년 08월 28일,984대(세대당 1.5대),310%,20%,현대산업개발(주),"개별난방, 도시가스",8103,37.547171,127.057218,106㎡,106.94㎡/84.98㎡(전용률 79%),3개,2개,계단식,236세대,127㎡,127.68㎡/104.56㎡(전용률 82%),4개,2개,계단식,258세대,139㎡,139.77㎡/116.22㎡(전용률 83%),4개,2개,계단식,162세대,,,,,,,,,,,,,,,,,,,,,,,,,,,,,,,,,,,,,,,,,,
금호동4가,힐스테이트서울숲리버,122,2018.02,힐스테이트서울숲리버,"606세대(임대 104세대 포함, 총15개동)",7층/15층,2018년 02월,782대(세대당 1.29대),200%,24%,현대건설(주),"개별난방, 도시가스",110939,37.547053,127.026383,80B㎡,80.23㎡/59.96㎡(전용률 75%),3개,2개,계단식,11세대,81A㎡,81.01㎡/59.98㎡(전용률 74%),3개,2개,계단식,122세대,88㎡,88.33㎡/64.95㎡(전용률 74%),3개,2개,계단식,21세대,110A㎡,110.06㎡/84.92㎡(전용률 77%),3개,2개,계단식,55세대,110C㎡,110.14㎡/84.83㎡(전용률 77%),3개,2개,계단식,34세대,110D㎡,110.9㎡/84.69㎡(전용률 76%),3개,2개,계단식,21세대,111B㎡,111.16㎡/84.88㎡(전용률 76%),3개,2개,계단식,124세대,142A㎡,142.39㎡/114.86㎡(전용률 81%),4개,2개,계단식,66세대,142B㎡,142.69㎡/114.89㎡(전용률 81%),4개,2개,계단식,20세대,168㎡,168.87㎡/141.86㎡(전용률 84%),4개,2개,계단식,28세대
